Driver,Stint,Compound,LapsUsed,StartLap,EndLap,AvgLapTimeSeconds,MedianLapTimeSeconds,MinLapTimeSeconds,MaxLapTimeSeconds,StartTyreLife,EndTyreLife,EstimatedDegPerLapSeconds
ALB,1.0,MEDIUM,22,6.0,31.0,78.53754545454545,77.79050000000001,76.556,81.426,10.0,35.0,-0.21204221479632754
ALB,2.0,MEDIUM,5,34.0,39.0,76.726,76.185,75.303,80.232,10.0,15.0,-0.774999999999996
ALB,3.0,HARD,35,42.0,76.0,77.00782857142856,76.228,74.597,80.193,2.0,36.0,-0.15932380952381014
ALO,1.0,HARD,6,6.0,15.0,77.71066666666667,76.86500000000001,75.593,80.424,7.0,16.0,-0.5551152941176467
ALO,2.0,HARD,19,18.0,36.0,76.95963157894737,76.84,75.823,78.938,3.0,21.0,-0.09278596491228051
ANT,1.0,HARD,58,6.0,68.0,78.95968965517241,78.958,75.019,81.962,6.0,68.0,-0.030092675928248797
ANT,3.0,HARD,3,73.0,75.0,74.00099999999999,73.651,73.518,74.834,2.0,4.0,
BEA,2.0,HARD,7,6.0,16.0,78.17314285714285,79.194,74.855,80.638,5.0,15.0,0.5540471698113191
BEA,3.0,MEDIUM,57,19.0,76.0,78.12599999999999,78.364,75.355,82.205,2.0,59.0,-0.02057195537065136
BOR,2.0,HARD,16,6.0,25.0,78.30925,78.223,75.721,80.937,5.0,24.0,0.07264791666666526
BOR,3.0,SOFT,7,28.0,34.0,77.55271428571429,78.214,75.193,79.347,2.0,8.0,0.7763571428571382
BOR,4.0,MEDIUM,39,38.0,76.0,78.12494871794873,78.266,74.97,82.158,3.0,41.0,-0.013775101214573619
COL,1.0,HARD,3,6.0,12.0,80.496,80.746,79.827,80.915,6.0,12.0,
COL,2.0,MEDIUM,11,15.0,25.0,77.55263636363637,77.626,75.435,79.296,9.0,19.0,0.12914545454545398
COL,3.0,MEDIUM,48,28.0,76.0,78.0695625,78.4025,75.298,80.722,2.0,50.0,-0.0317203265306119
GAS,2.0,MEDIUM,2,6.0,7.0,78.658,78.658,78.054,79.262,5.0,6.0,
HAD,1.0,MEDIUM,4,6.0,13.0,78.54025,78.465,77.088,80.143,6.0,13.0,
HAD,2.0,SOFT,3,16.0,18.0,76.51466666666666,76.372,75.981,77.191,5.0,7.0,
HAD,3.0,HARD,56,21.0,77.0,77.34153571428571,77.2385,76.044,79.723,3.0,59.0,0.011687753575770033
HAM,1.0,HARD,8,6.0,17.0,77.318125,76.475,74.977,80.931,6.0,17.0,-0.5224078947368436
HAM,2.0,HARD,35,20.0,55.0,75.66697142857143,75.494,74.533,77.826,3.0,38.0,0.009827545121575304
HAM,3.0,MEDIUM,21,58.0,78.0,75.8532380952381,75.861,74.09,78.349,5.0,25.0,-0.013914285714285097
HUL,1.0,MEDIUM,2,6.0,7.0,81.119,81.119,80.974,81.264,6.0,7.0,
HUL,2.0,HARD,29,14.0,43.0,78.57158620689655,78.575,76.106,80.602,2.0,31.0,0.03134608792255295
HUL,3.0,SOFT,31,46.0,76.0,78.07229032258064,77.942,75.223,81.565,2.0,32.0,-0.02411774193548426
LAW,1.0,MEDIUM,21,6.0,30.0,78.58061904761905,77.59,76.607,81.542,6.0,30.0,-0.22979809714571756
LAW,2.0,SOFT,6,33.0,39.0,77.1145,76.1945,75.8,80.271,5.0,11.0,-0.26849068322981434
LAW,3.0,HARD,36,42.0,77.0,76.46144444444445,76.61349999999999,75.321,79.159,3.0,38.0,0.04624658944658971
LEC,1.0,MEDIUM,12,6.0,21.0,76.26483333333333,75.912,74.807,79.267,6.0,21.0,-0.26815487316421943
LEC,2.0,HARD,24,24.0,48.0,74.80624999999999,74.666,74.055,76.773,2.0,26.0,-0.039882057877814715
LEC,3.0,MEDIUM,28,51.0,78.0,75.47071428571428,75.406,74.342,77.108,5.0,32.0,0.055861521620140346
NOR,1.0,MEDIUM,9,6.0,18.0,76.28644444444444,75.988,74.659,79.172,6.0,18.0,-0.3574763406940064
NOR,2.0,HARD,28,21.0,49.0,74.91760714285715,74.67949999999999,73.872,77.259,2.0,30.0,-0.017421958677248328
NOR,3.0,HARD,27,52.0,78.0,75.50796296296296,75.514,73.221,76.405,2.0,28.0,0.019661172161173166
OCO,1.0,MEDIUM,6,6.0,15.0,78.11333333333333,77.2995,76.453,80.545,6.0,15.0,-0.49858352941176554
OCO,2.0,MEDIUM,10,18.0,27.0,77.2054,77.1215,75.774,78.5,6.0,15.0,0.08055757575757212
OCO,3.0,HARD,47,30.0,77.0,77.20431914893616,77.324,75.157,79.133,2.0,49.0,0.023603899537028294
PIA,1.0,MEDIUM,10,6.0,19.0,76.6212,76.0275,74.934,79.793,6.0,19.0,-0.38745729227193976
PIA,2.0,HARD,25,22.0,47.0,75.13592,74.94,73.818,77.79,2.0,27.0,-0.04064554133097843
PIA,3.0,HARD,29,50.0,78.0,75.13382758620689,75.106,73.745,76.523,2.0,30.0,0.06529605911330132
RUS,1.0,HARD,42,6.0,52.0,78.88085714285714,79.204,75.966,81.214,6.0,52.0,-0.056729158663081244
RUS,2.0,MEDIUM,11,55.0,67.0,75.59254545454546,76.037,73.483,78.479,2.0,14.0,-0.33198297213622113
RUS,3.0,HARD,7,70.0,76.0,73.92642857142857,73.865,73.405,74.49,2.0,8.0,-0.016392857142859294
SAI,1.0,HARD,37,6.0,47.0,78.75959459459459,79.22,75.516,81.577,6.0,47.0,-0.09546933683962121
SAI,2.0,MEDIUM,3,50.0,52.0,74.80566666666667,74.634,74.496,75.287,2.0,4.0,
SAI,3.0,MEDIUM,22,55.0,76.0,76.03931818181819,76.184,73.988,80.206,10.0,31.0,-0.05483738001129105
STR,1.0,HARD,7,6.0,16.0,79.817,79.565,78.472,81.196,7.0,17.0,-0.13034748427672888
STR,2.0,HARD,44,19.0,63.0,78.5965909090909,78.6595,76.433,82.255,3.0,47.0,0.03985438722842348
STR,3.0,MEDIUM,11,66.0,76.0,76.01718181818181,76.161,74.877,77.596,3.0,13.0,0.235045454545456
TSU,2.0,HARD,62,6.0,72.0,78.71027419354839,78.85300000000001,75.32,81.891,5.0,71.0,-0.028769325439063576
TSU,3.0,MEDIUM,2,75.0,76.0,75.39949999999999,75.39949999999999,74.913,75.886,2.0,3.0,
VER,1.0,HARD,18,6.0,27.0,76.2435,75.4025,75.035,80.011,6.0,27.0,-0.1842866429747785
VER,2.0,MEDIUM,46,30.0,76.0,75.35258695652173,75.227,74.23,77.547,2.0,48.0,0.025407392964958808
